<meta>
    <script src="respawn.lua" />
    <info type="map" gamemodes="cod2mod" name="cod2mod-ship" author="Mike" version="1.1" ></info>
    <map src="cod2mod-ship.map" dimension="0"></map>
    <settings>
        <setting name="#maxplayers" value="[ 128 ]"></setting>
        <setting name="#useLODs" value="[ false ]"></setting>
        <setting name="#gamespeed" value="[ 1 ]"></setting>
        <setting name="#frag_limit" value="[ 10 ]"></setting>
        <setting name="#time_limit" value="[ 600 ]"></setting>
        <setting name="#minplayers" value="[ 0 ]"></setting>
        <setting name="#spawn_weapons" value='[ &quot;22:100&quot; ]'></setting>
        <setting name="#gravity" value="[ 0.008000 ]"></setting>
        <setting name="#waveheight" value="[ 0 ]"></setting>
        <setting name="#respawn_time" value="[ 10 ]"></setting>
        <setting name="#locked_time" value="[ false ]"></setting>
        <setting name="#weather" value="[ 4 ]"></setting>
        <setting name="#time" value="12:0"></setting>
    </settings>
    <script src="mapEditorScriptingExtension_s.lua" type="server"></script>
    <script src="mapEditorScriptingExtension_c.lua" type="client" validate="false"></script>
</meta>
