<meta>
    <info gamemodes="cod2mod" type="map" author="B-Mat" version="1" description="COD2 mp-port map" />
    <map src="cod2mod-port.map" dimension="0" />
    <settings>
        <setting name="#minplayers" value="[ 0 ]" />
        <setting name="#maxplayers" value="[ 128 ]" />
        <setting name="#gravity" value="[ 0.008000 ]" />
        <setting name="#weather" value="[ 0 ]" />
        <setting name="#time" value="12:0" />
        <setting name="#locked_time" value="[ false ]" />
        <setting name="#waveheight" value="[ 0 ]" />
        <setting name="#gamespeed" value="[ 1 ]" />
    </settings>
</meta>
