<meta>
    <info gamemodes="cod2mod" type="map" name="cod2mod-Killhouse_Reloaded" author="Harsh" version="1.0.0"></info>
    <map src="KillHouse-Reloaded.map"></map>
    <settings>
        <setting name="#minplayers" value="[ 0 ]"></setting>
        <setting name="#maxplayers" value="[ 128 ]"></setting>
        <setting name="#gravity" value="[ 0.008000 ]"></setting>
        <setting name="#weather" value="[ 0 ]"></setting>
        <setting name="#time" value="12:0"></setting>
        <setting name="#locked_time" value="[ false ]"></setting>
        <setting name="#waveheight" value="[ 0 ]"></setting>
        <setting name="#gamespeed" value="[ 1 ]"></setting>
    </settings>
</meta>
